<?xml version="1.0" encoding="UTF-8"?>
<!--
 A feed representing Hourly customer email data retained for 90 days
 -->
<feed description="Raw customer email feed" name="rawEmailFeed"
    xmlns="uri:falcon:feed:0.1">
    
    <tags>externalSystem=USWestEmailServers,classification=secure</tags>
    <groups>churnAnalysisDataPipeline</groups>
    <frequency>hours(1)</frequency>
    <late-arrival cut-off="hours(4)"/>
    <clusters>
        <cluster name="primaryCluster" type="source">
            <validity start="2014-02-28T00:00Z" end="2016-03-31T00:00Z"/>
            <retention limit="days(90)" action="delete"/>
        </cluster>
    </clusters>
    
    <locations>
        <location type="data"
        path="/user/ambari-qa/falcon/demo/primary/input/enron/${YEAR}-${MONTH}-${DAY}-${HOUR}"/>
        <location type="stats" path="/none"/>
        <location type="meta" path="/none"/>
    </locations>
    
    <ACL owner="ambari-qa" group="users" permission="0755"/>
    <schema location="/none" provider="none"/>
</feed>
